Species,Phenotypes,Experiment,Link
Helianthus argophyllus,Leaf curved height,H. argophyllus Leaf curved height,https://easygwas.ethz.ch/gwas/results/manhattan/view/4b594a28-0707-4ca1-8ba4-88894aa68ccb/
Helianthus argophyllus,Leaf curvedHeight maxWidth,H. argophyllus Leaf curvedHeight maxWidth,https://easygwas.ethz.ch/gwas/results/manhattan/view/42239bd6-7e1b-4b01-bcd2-e897d8e961b0/
Helianthus argophyllus,Leaf width widest pos,H. argophyllus Leaf width widest pos,https://easygwas.ethz.ch/gwas/results/manhattan/view/eea2cf29-20b0-4319-a334-19e04b208f86/
Helianthus argophyllus,Leaf maximum height,H. argophyllus Leaf maximum height,https://easygwas.ethz.ch/gwas/results/manhattan/view/94865c33-57e5-42b1-ba9d-ca2f2f025be9/
Helianthus argophyllus,Leaf area,H. argophyllus Leaf area,https://easygwas.ethz.ch/gwas/results/manhattan/view/da5e5c6b-00c1-45bb-9539-44e2bd3d1d29/
Helianthus argophyllus,Leaf obovoid,H. argophyllus Leaf obovoid,https://easygwas.ethz.ch/gwas/results/manhattan/view/26e7e91d-1771-4a4f-af10-337f7c81372c/
Helianthus argophyllus,RGB proportion red,H. argophyllus RGB proportion red,https://easygwas.ethz.ch/gwas/results/manhattan/view/70808408-61b1-49cb-8f22-ec17cd4cb10c/
Helianthus argophyllus,Leaf total N,H. argophyllus Leaf total N,https://easygwas.ethz.ch/gwas/results/manhattan/view/4e353314-f56f-44b8-b562-56cc13563342/
Helianthus argophyllus,Leaf ellipsoid,H. argophyllus Leaf ellipsoid,https://easygwas.ethz.ch/gwas/results/manhattan/view/80384f1e-fd7c-4a4c-bc99-d2254ffd2f58/
Helianthus argophyllus,RGB proportion blue,H. argophyllus RGB proportion blue,https://easygwas.ethz.ch/gwas/results/manhattan/view/3345b1b7-2ea2-458b-afb9-b169a4bb6b3d/
Helianthus argophyllus,Leaf perimeter,H. argophyllus Leaf perimeter,https://easygwas.ethz.ch/gwas/results/manhattan/view/40b0251a-097a-4652-b821-b4170b85be5b/
Helianthus argophyllus,Leaf C N ratio,H. argophyllus Leaf C N ratio,https://easygwas.ethz.ch/gwas/results/manhattan/view/bedabb4c-4f2e-494d-920d-590e681a298c/
Helianthus argophyllus,Leaf height mid-width,H. argophyllus Leaf height mid-width,https://easygwas.ethz.ch/gwas/results/manhattan/view/b15a7d26-7f67-4659-8704-626b9e246cc3/
Helianthus argophyllus,Leaf total C,H. argophyllus Leaf total C,https://easygwas.ethz.ch/gwas/results/manhattan/view/3969cba1-90ef-4737-8385-a0e7f8ff9c87/
Helianthus argophyllus,Leaf rectangular,H. argophyllus Leaf rectangular,https://easygwas.ethz.ch/gwas/results/manhattan/view/996b350a-1aa1-4a8e-a438-1fa77ee49771/
Helianthus argophyllus,RGB proportion green,H. argophyllus RGB proportion green,https://easygwas.ethz.ch/gwas/results/manhattan/view/df29dfa4-3bd3-48d7-b62d-e796e3633c84/
Helianthus argophyllus,Leaf eccentricity,H. argophyllus Leaf eccentricity,https://easygwas.ethz.ch/gwas/results/manhattan/view/752c830b-f525-4414-a2f9-76fa2bdcdfe7/
Helianthus argophyllus,SLA,H. argophyllus SLA,https://easygwas.ethz.ch/gwas/results/manhattan/view/ce82b4d1-4f9a-4a71-a3d4-e0db3daf492d/
Helianthus argophyllus,Leaf shape index external I,H. argophyllus Leaf shape index external I,https://easygwas.ethz.ch/gwas/results/manhattan/view/ce65fc66-b384-4642-973f-113e7bd28cca/
Helianthus argophyllus,Days to budding,H. argophyllus Days to budding,https://easygwas.ethz.ch/gwas/results/manhattan/view/040fafc4-a06f-4066-9ac1-b951c8e0f608/
Helianthus argophyllus,Leaf width mid-height,H. argophyllus Leaf width mid-height,https://easygwas.ethz.ch/gwas/results/manhattan/view/490d9342-b862-4599-8a0e-c9cb213b85f5/
Helianthus argophyllus,Leaf curved shape index,H. argophyllus Leaf curved shape index,https://easygwas.ethz.ch/gwas/results/manhattan/view/d6856691-a781-4248-a7ec-c7a4eee8ef26/
Helianthus argophyllus,Leaf circular,H. argophyllus Leaf circular,https://easygwas.ethz.ch/gwas/results/manhattan/view/3ce7cae7-7ee2-4f88-a590-05ac9acb0bad/
Helianthus argophyllus,Leaf shape index internal,H. argophyllus Leaf shape index internal,https://easygwas.ethz.ch/gwas/results/manhattan/view/f80efcde-782a-4124-9a1b-da48fdaa63b2/
Helianthus argophyllus,Leaf maximum width,H. argophyllus Leaf maximum width,https://easygwas.ethz.ch/gwas/results/manhattan/view/108e752c-482a-47fe-9f2f-1c8079fdd26f/
Helianthus argophyllus,Leaf proximal eccentricity,H. argophyllus Leaf proximal eccentricity,https://easygwas.ethz.ch/gwas/results/manhattan/view/5fb21260-2898-4033-9bf8-62f5624904bf/
Helianthus argophyllus,Leaf shape index external II,H. argophyllus Leaf shape index external II,https://easygwas.ethz.ch/gwas/results/manhattan/view/ab6d8ae8-9530-46d9-9ea6-442c044ef42e/
Helianthus argophyllus,Total RGB,H. argophyllus Total RGB,https://easygwas.ethz.ch/gwas/results/manhattan/view/32733001-a660-4e3b-9f28-9fcb6e2990ae/
Helianthus argophyllus,Leaf eccentricity area index,H. argophyllus Leaf eccentricity area index,https://easygwas.ethz.ch/gwas/results/manhattan/view/5f4c0b61-fd4f-40ac-988d-0ea466b1b4ed/
Helianthus annuus,RGB proportion blue,H. annuus RGB proportion blue,https://easygwas.ethz.ch/gwas/results/manhattan/view/3cba547e-318d-4332-9cf7-6c97a673fcad/
Helianthus annuus,Leaf width widest pos,H. annuus Leaf width widest pos,https://easygwas.ethz.ch/gwas/results/manhattan/view/2c65b435-21c3-4c47-a42d-1795ded59946/
Helianthus annuus,Leaf total N,H. annuus Leaf total N,https://easygwas.ethz.ch/gwas/results/manhattan/view/8a76ac91-3db1-48b4-b3af-bb4cab25a0ee/
Helianthus annuus,Seed HW ratio,H. annuus Seed HW ratio,https://easygwas.ethz.ch/gwas/results/manhattan/view/b00872fd-4c91-4bd3-b652-af733934102c/
Helianthus annuus,Leaf shape index external I,H. annuus Leaf shape index external I,https://easygwas.ethz.ch/gwas/results/manhattan/view/4ec98abd-f084-49be-bcc1-38f319d040af/
Helianthus annuus,Leaf perimeter,H. annuus Leaf perimeter,https://easygwas.ethz.ch/gwas/results/manhattan/view/ac286019-4b81-4a96-bbea-2017770a2101/
Helianthus annuus,Stem diameter final after 5th node,H. annuus Stem diameter final after 5th node,https://easygwas.ethz.ch/gwas/results/manhattan/view/1a30e7b1-0110-46f5-8833-8506af9a36d7/
Helianthus annuus,Leaf area,H. annuus Leaf area,https://easygwas.ethz.ch/gwas/results/manhattan/view/a44ca390-9522-49b3-ac5b-7e8e3047bf9c/
Helianthus annuus,Days to budding,H. annuus Days to budding,https://easygwas.ethz.ch/gwas/results/manhattan/view/d7f9bae9-cc96-42fb-be9a-8a64dae2b6a8/
Helianthus annuus,Trichomes density leaf center flat are,H. annuus Trichomes density leaf center flat area,https://easygwas.ethz.ch/gwas/results/manhattan/view/08e9e9b1-05f1-4182-969a-2d8ed26d5013/
Helianthus annuus,Leaf circular,H. annuus Leaf circular,https://easygwas.ethz.ch/gwas/results/manhattan/view/394de56a-307c-4d64-9478-686119bcac3b/
Helianthus annuus,Trichomes density vein average,H. annuus Trichomes density vein average,https://easygwas.ethz.ch/gwas/results/manhattan/view/c2cd96a4-e3ca-4ca1-b343-b9162a2b0e7b/
Helianthus annuus,Phyllaries width,H. annuus Phyllaries width,https://easygwas.ethz.ch/gwas/results/manhattan/view/e72ab6df-804c-4b69-984e-d24e22496ad7/
Helianthus annuus,Leaf eccentricity area inde,H. annuus Leaf eccentricity area index,https://easygwas.ethz.ch/gwas/results/manhattan/view/faa27f10-e399-49be-8b8e-3290de5db4a0/
Helianthus annuus,Leaf total C,H. annuus Leaf total C,https://easygwas.ethz.ch/gwas/results/manhattan/view/6fff6de5-ddfb-48fb-94b3-7348213be5a0/
Helianthus annuus,Trichomes density leaf edge flat area,H. annuus Trichomes density leaf edge flat area,https://easygwas.ethz.ch/gwas/results/manhattan/view/7b248334-fa94-4e21-98ba-7c3afd607264/
Helianthus annuus,Phyllaries LW ratio,H. annuus Phyllaries LW ratio,https://easygwas.ethz.ch/gwas/results/manhattan/view/3b409781-6182-4bdd-9c5a-5d6cda01a084/
Helianthus annuus,Leaf curved height,H. annuus Leaf curved heigh,https://easygwas.ethz.ch/gwas/results/manhattan/view/42f1bad9-3c02-440d-9563-e27c3e0ef5eb/
Helianthus annuus,DTF (days to flower),H. annuus DTF,https://easygwas.ethz.ch/gwas/results/manhattan/view/f96aae6f-733f-47a3-b57d-ce956c3db7ee/
Helianthus annuus,Leaf maximum width,H. annuus Leaf maximum width,https://easygwas.ethz.ch/gwas/results/manhattan/view/4b1d2534-48d4-42c5-af51-e0454ec3f65e/
Helianthus annuus,RGB proportion red,H. annuus RGB proportion red,https://easygwas.ethz.ch/gwas/results/manhattan/view/182946d4-797f-43ba-8a30-db9d59d72ddc/
Helianthus annuus,Stem diameter final before 1st node,H. annuus Stem diameter final before 1st node,https://easygwas.ethz.ch/gwas/results/manhattan/view/9f416493-0d0b-4219-b012-cc1dd7db270e/
Helianthus annuus,Leaf Distal eccentricity,H. annuus Leaf Distal eccentricity,https://easygwas.ethz.ch/gwas/results/manhattan/view/49aaa096-6495-4de8-b8f6-e7397eef0f34/
Helianthus annuus,Flowerhead to phyllaries diameter rati,H. annuus Flowerhead to phyllaries diameter ratio,https://easygwas.ethz.ch/gwas/results/manhattan/view/bf8cf44a-9cbf-441c-8030-435b12f6b762/
Helianthus annuus,Seed proximal eccentriciy,H. annuus Seed proximal eccentricity,https://easygwas.ethz.ch/gwas/results/manhattan/view/418bd7fd-1f1a-41cf-880e-3b473dcf7a25/
Helianthus annuus,Ligule LW ratio,H. annuus Ligule LW ratio,https://easygwas.ethz.ch/gwas/results/manhattan/view/81080205-8cc0-41a2-a8ee-44ad767c1219/
Helianthus annuus,Seed width mid height,H. annuus Seed width mid height,https://easygwas.ethz.ch/gwas/results/manhattan/view/8fff1f4b-9e3a-4948-9895-d428b15cea68/
Helianthus annuus,Seed height mid width,H. annuus Seed height mid width,https://easygwas.ethz.ch/gwas/results/manhattan/view/faa34d1b-5cc5-414f-b4fd-3630c99fb4c5/
Helianthus annuus,Seed circular,H. annuus Seed circular,https://easygwas.ethz.ch/gwas/results/manhattan/view/9093c053-a79b-4022-bc63-b5a1629a17ad/
Helianthus annuus,RGB proportion green,H. annuus RGB proportion green,https://easygwas.ethz.ch/gwas/results/manhattan/view/5476b9ff-e130-42a3-8237-5d4f40f3c37d/
Helianthus annuus,LIR,H. annuus LIR,https://easygwas.ethz.ch/gwas/results/manhattan/view/d6b4b157-1903-490d-8ce9-9c0bbbaa33d0/
Helianthus annuus,Seed area,H. annuus Seed area,https://easygwas.ethz.ch/gwas/results/manhattan/view/da513936-45d7-4c60-8c38-bf45888c95a7/
Helianthus annuus,Plant height at flowering,H. annuus Plant height at flowering,https://easygwas.ethz.ch/gwas/results/manhattan/view/37d3d070-e7cf-4388-be6d-05be6907d451/
Helianthus annuus,Leaf C N ratio,H. annuus Leaf C N ratio,https://easygwas.ethz.ch/gwas/results/manhattan/view/efbfd229-a912-45da-9273-11e4fe4e0a67/
Helianthus annuus,Seed curved height,H. annuus Seed curved height,https://easygwas.ethz.ch/gwas/results/manhattan/view/61bcbc44-bfb7-4b17-9d6b-3b200dcefc30/
Helianthus annuus,Leaf curvedHeight maxWidth,H. annuus Leaf curvedHeight maxWidt HA412rm MAF 0.5,https://easygwas.ethz.ch/gwas/results/manhattan/view/b889a7ee-2272-4696-bc58-cb8b0163d32f/
Helianthus annuus,Ligule length,H. annuus Ligule length,https://easygwas.ethz.ch/gwas/results/manhattan/view/39f432bd-2f71-4d7b-90d5-221aa7bbd99e/
Helianthus annuus,Leaf eccentricity,H. annuus Leaf eccentricit,https://easygwas.ethz.ch/gwas/results/manhattan/view/b3c3e19f-f37c-4792-8546-155a06b9efe2/
Helianthus annuus,Ligules number,H. annuus Ligules number,https://easygwas.ethz.ch/gwas/results/manhattan/view/42edef0a-b87a-45b9-bc7a-336dbe7d9fd1/
Helianthus annuus,Flower FHDD ratio,H. annuus Flower FHDD ratio,https://easygwas.ethz.ch/gwas/results/manhattan/view/0892dd17-6360-4a2a-ac42-b31f570dce41/
Helianthus annuus,Leaf proximal eccentricit,H. annuus Leaf proximal eccentricity,https://easygwas.ethz.ch/gwas/results/manhattan/view/70079117-5565-4fd1-8e5a-80ba078f115c/
Helianthus annuus,TLN,H. annuus TLN,https://easygwas.ethz.ch/gwas/results/manhattan/view/75b9fc04-7a89-4ca7-8b18-140a410528df/
Helianthus annuus,Stem diamater at flowering,H. annuus Stem diamater at flowering,https://easygwas.ethz.ch/gwas/results/manhattan/view/3360fa55-13ac-4ce7-8c7d-081f37a9092a/
Helianthus annuus,Phyllaries diameter,H. annuus Phyllaries diameter,https://easygwas.ethz.ch/gwas/results/manhattan/view/ac1522e5-6c88-4ecd-9492-8f502876a8b2/
Helianthus annuus,Phyllaries length,H. annuus Phyllaries length,https://easygwas.ethz.ch/gwas/results/manhattan/view/a1a8f3af-7d8c-4925-b960-565ebe981eb4/
Helianthus annuus,Seed eccentricity area index,H. annuus Seed eccentricity area index,https://easygwas.ethz.ch/gwas/results/manhattan/view/3829d57c-a08d-4faa-b4a6-6732703a6268/
Helianthus annuus,Leaf rectangular,H. annuus Leaf rectangular,https://easygwas.ethz.ch/gwas/results/manhattan/view/b9c76961-d516-42df-83cc-c3d7808956ff/
Helianthus annuus,Seed shape index internal,H. annuus Seed shape index internal,https://easygwas.ethz.ch/gwas/results/manhattan/view/76ba85aa-ce0d-4846-98c2-5cfdc7a002a7/
Helianthus annuus,Leaf shape index internal,H. annuus Leaf shape index internal,https://easygwas.ethz.ch/gwas/results/manhattan/view/cce0f4af-2f71-4eaf-ae94-275bed58daf1/
Helianthus annuus,Leaf curved shape index,H. annuus Leaf curved shape index,https://easygwas.ethz.ch/gwas/results/manhattan/view/24e05d6b-e9dc-4eb3-a51b-59e597a0a038/
Helianthus annuus,Leaf height mid-width,H. annuus Leaf height mid-width,https://easygwas.ethz.ch/gwas/results/manhattan/view/2ea7f141-b753-45d8-90a9-bfa247ccd2e3/
Helianthus annuus,Trichomes density leaf center secondary veins,H. annuus Trichomes density leaf center secondary veins,https://easygwas.ethz.ch/gwas/results/manhattan/view/ba9f47e1-ca83-4193-93dd-e1fc05e12637/
Helianthus annuus,Ligue width,H. annuus Ligule width,https://easygwas.ethz.ch/gwas/results/manhattan/view/2ce45cd1-a38f-47a2-9191-5da070106459/
Helianthus annuus,Seed rectangular,H. annuus Seed rectangular,https://easygwas.ethz.ch/gwas/results/manhattan/view/cd649b1f-42e5-4214-b78f-bce13311d734/
Helianthus annuus,Leaf shape index external II,H. annuus Leaf shape index external II,https://easygwas.ethz.ch/gwas/results/manhattan/view/911bed7a-efe8-4535-9c68-135159416ce0/
Helianthus annuus,Seed curved shape index,H. annuus Seed curved shape inde,https://easygwas.ethz.ch/gwas/results/manhattan/view/5b7814a6-b42b-4360-ac6e-2b2fd20043b6/
Helianthus annuus,Distance of first branching from ground,H. annuus Distance of first branching from ground,https://easygwas.ethz.ch/gwas/results/manhattan/view/2c948a1e-f223-4901-97b2-b6a26fe21b74/
Helianthus annuus,Darker axillae,H. annuus Darker axillae,https://easygwas.ethz.ch/gwas/results/manhattan/view/403ec487-a77f-4719-9d32-4d78f2f2e69e/
Helianthus annuus,Trichomes density center average,H. annuus Trichomes density center average,https://easygwas.ethz.ch/gwas/results/manhattan/view/c92c2cd8-26fa-4cd2-894f-f119518a5a3c/
Helianthus annuus,Seed ovoid,H. annuus Seed ovoid,https://easygwas.ethz.ch/gwas/results/manhattan/view/5e20aa87-485f-4c8f-8210-cb5f0034a519/
Helianthus annuus,Trichomes density leaf edge secondary veins,H. annuus Trichomes density leaf edge secondary veins,https://easygwas.ethz.ch/gwas/results/manhattan/view/1f3c9b9b-beb5-48e5-8a00-040ee7db2f23/
Helianthus annuus,Petiole main veins colour,H. annuusPetiole main veins colour,https://easygwas.ethz.ch/gwas/results/manhattan/view/b2678c13-1f40-4c87-a9ea-2a9175595c58/
Helianthus annuus,Disk diameter,H. annuus Disk diameter,https://easygwas.ethz.ch/gwas/results/manhattan/view/e47ef5d8-d2ea-43cf-81f0-243e11080dcc/
Helianthus annuus,Seed width widest pos,H. annuus Seed width widest pos,https://easygwas.ethz.ch/gwas/results/manhattan/view/43157759-8f2d-451e-bba4-4b9d9b50310b/
Helianthus annuus,Seed perimeter,H. annuus Seed perimeter,https://easygwas.ethz.ch/gwas/results/manhattan/view/da19b27c-b860-46d0-b886-7bd3864c7f93/
Helianthus annuus,Seed shape index external I,H. annuus Seed shape index external I,https://easygwas.ethz.ch/gwas/results/manhattan/view/fc4bcc4d-fc03-4db4-b4f4-70a56eeebc77/
Helianthus annuus,Flower head diameter,H. annuus Flower head diameter,https://easygwas.ethz.ch/gwas/results/manhattan/view/73ebc216-f82a-4eef-8ea8-0a98723d5ed6/
Helianthus annuus,Seed shape index external II,H. annuus Seed shape index external II,https://easygwas.ethz.ch/gwas/results/manhattan/view/00ee2f51-8c93-4531-9597-328ae3468691/
Helianthus annuus,Leaf obovoid,H. annuus Leaf obovoid,https://easygwas.ethz.ch/gwas/results/manhattan/view/b8bb4d46-ca55-4fd7-90f8-32ff27371160/
Helianthus annuus,Primary branches,H. annuus Primary branches,https://easygwas.ethz.ch/gwas/results/manhattan/view/d48ad81d-55b8-4c4c-b8d5-c8a560acdc75/
Helianthus annuus,Seed maximum width,H. annuus Seed maximum width,https://easygwas.ethz.ch/gwas/results/manhattan/view/bef932a9-e41d-46ce-bb33-f2b43f63fd9c/
Helianthus annuus,Seed distal eccentricity,H. annuus Seed distal eccentricity,https://easygwas.ethz.ch/gwas/results/manhattan/view/a3c5fb3b-5c6e-42fe-8ad4-acddd498a0a4/
Helianthus annuus,Seed eccentricity,H. annuus Seed eccentricity,https://easygwas.ethz.ch/gwas/results/manhattan/view/348e8f52-887c-4024-bdf9-589453ba6dba/
Helianthus annuus,Total RGB,H. annuus Total RGB,https://easygwas.ethz.ch/gwas/results/manhattan/view/1f4b23a3-8166-4e75-a972-a540feb9012e/
Helianthus annuus,Leaf maximum height,H. annuus Leaf maximum height,https://easygwas.ethz.ch/gwas/results/manhattan/view/e6d0ad2d-bd2c-4541-afee-4f21c9ed7455/
Helianthus annuus,Seed ellipsoid,H. annuus Seed ellipsoid,https://easygwas.ethz.ch/gwas/results/manhattan/view/ee4b8e95-0f05-4d7d-ab40-56e1fb8da895/
Helianthus annuus,SLA,H. annuus SLA,https://easygwas.ethz.ch/gwas/results/manhattan/view/966527ef-f06a-4cfa-861b-6d565fcce8c3/
Helianthus annuus,Trichomes density edge average,H. annuus Trichomes density edge average,https://easygwas.ethz.ch/gwas/results/manhattan/view/96a80320-d87c-4c91-9732-19ebf1edb74e/
Helianthus annuus,Seed maximum height,H. annuus Seed maximum height,https://easygwas.ethz.ch/gwas/results/manhattan/view/060a6212-cb84-4347-a50b-808d717e64d2/
Helianthus annuus,Trichomes lengt,H. annuus Trichomes length,https://easygwas.ethz.ch/gwas/results/manhattan/view/22d4e88c-1457-4ac4-aebe-e3e6cea0de07/
Helianthus annuus,Leaf width mid-height,H. annuus Leaf width mid-height,https://easygwas.ethz.ch/gwas/results/manhattan/view/88074458-148c-44f1-aae7-d029ced2a665/
Helianthus annuus,Leaf ellipsoid,H. annuus Leaf ellipsoid,https://easygwas.ethz.ch/gwas/results/manhattan/view/61734fe5-add6-4aa3-893c-90b7c9ef8fdc/
Helianthus annuus,Stem colour,H. annuus Stem colour,https://easygwas.ethz.ch/gwas/results/manhattan/view/a1621aa1-ac3b-4c46-9714-437f17cf024f/
Helianthus annuus,Trichomes density nonvein average,H. annuus Trichomes density nonvein average,https://easygwas.ethz.ch/gwas/results/manhattan/view/dc1cef96-0a7b-4a67-bced-2c68f5d95f3c/
Helianthus annuus,Internode length,H. annuus Internode length,https://easygwas.ethz.ch/gwas/results/manhattan/view/b123b6b0-be15-467d-a5f7-a3313e3ffba0/
Helianthus annuus,Disk to phyllaries diameter ratio,H. annuus Disk to phyllaries diameter ratio,https://easygwas.ethz.ch/gwas/results/manhattan/view/4941376b-555c-4bc3-9d1e-959f0651e426/
Helianthus petiolaris subsp. fallax,DTF,H. petiolaris fallax DTF,https://easygwas.ethz.ch/gwas/results/manhattan/view/afc34f9f-f8ea-4ef3-800a-b4533913273f/
Helianthus petiolaris subsp. fallax,Seed shape index external I,H. petiolaris fallax Seed shape index external I,https://easygwas.ethz.ch/gwas/results/manhattan/view/946ff996-62a7-49bb-925b-f9cb00f88a3e/
Helianthus petiolaris subsp. fallax,Days to budding,H. petiolaris fallax Days to budding,https://easygwas.ethz.ch/gwas/results/manhattan/view/009e07c1-c40c-4cb0-b921-bde0918ec694/
Helianthus petiolaris subsp. fallax,Internode length,H. petiolaris fallax Internode length,https://easygwas.ethz.ch/gwas/results/manhattan/view/6972e9f2-ed4d-401c-a92c-cf9e8ab277b6/
Helianthus petiolaris subsp. fallax,Stem diamater at flowering,H. petiolaris fallax Stem diamater at flowering,https://easygwas.ethz.ch/gwas/results/manhattan/view/23646e96-07f3-4b01-a398-bf78d30831ef/
Helianthus petiolaris subsp. fallax,TLN,H. petiolaris fallax TLN,https://easygwas.ethz.ch/gwas/results/manhattan/view/776ee8d9-683a-4d4f-a388-2d53f982ff7c/
Helianthus petiolaris subsp. fallax,LIR,H. petiolaris fallax LIR,https://easygwas.ethz.ch/gwas/results/manhattan/view/714f0114-49de-4058-a142-6cebd294a8e6/
Helianthus petiolaris subsp. fallax,Stem diameter final before 1st node,H. petiolaris fallax Stem diameter final before 1st node,https://easygwas.ethz.ch/gwas/results/manhattan/view/5ddeaa85-c114-4f25-be2b-8482d670c4d9/
Helianthus petiolaris subsp. fallax,Plant height at flowering,H. petiolaris fallax Plant height at flowering,https://easygwas.ethz.ch/gwas/results/manhattan/view/64298c6b-8d90-44b2-8755-58e523ce072e/
Helianthus petiolaris subsp. fallax,Stem diameter final after 5th node,H. petiolaris fallax Stem diameter final after 5th node,https://easygwas.ethz.ch/gwas/results/manhattan/view/87d0db42-fef1-4215-a0d7-efda160beafb/
Helianthus petiolaris subsp. fallax,Peduncle lenght of first flower,H. petiolaris fallax Peduncle length of first flower,https://easygwas.ethz.ch/gwas/results/manhattan/view/fb7ef084-bce7-4657-8e94-7904e5a73021/
Helianthus petiolaris subsp. fallax,Leaf total N,H. petiolaris fallax Leaf total N,https://easygwas.ethz.ch/gwas/results/manhattan/view/9eee4467-1ddd-4876-bace-f2303df28a71/
Helianthus petiolaris subsp. fallax,Ligule length,H. petiolaris fallax Ligule length,https://easygwas.ethz.ch/gwas/results/manhattan/view/69741cb8-82db-493b-9c58-86fa5b8bd24a/
Helianthus petiolaris subsp. fallax,Ligule width,H. petiolaris fallax Ligule width,https://easygwas.ethz.ch/gwas/results/manhattan/view/89c7be81-1065-4d76-a5db-12a772f90630/
Helianthus petiolaris subsp. fallax,Leaf C N ratio,H. petiolaris fallax Leaf C N ratio,https://easygwas.ethz.ch/gwas/results/manhattan/view/e2712880-593a-47f8-85ac-6759d8e82707/
Helianthus petiolaris subsp. fallax,Flower head diameter,H. petiolaris fallax Flower head diameter,https://easygwas.ethz.ch/gwas/results/manhattan/view/6e901190-ac42-4d3a-b5bb-eda56eb23bf9/
Helianthus petiolaris subsp. fallax,SLA,H. petiolaris fallax SLA,https://easygwas.ethz.ch/gwas/results/manhattan/view/607b1bf8-e694-491e-84ef-96abf72804aa/
Helianthus petiolaris subsp. fallax,Primary branches,H. petiolaris fallax Primary branches,https://easygwas.ethz.ch/gwas/results/manhattan/view/8c0f0b9b-8bf2-42c3-97c0-43d24a97b6ab/
Helianthus petiolaris subsp. fallax,Distance of first branching from ground,H. petiolaris fallax Distance of first branching from ground,https://easygwas.ethz.ch/gwas/results/manhattan/view/131e7db5-4ee5-4352-84df-c2bb854dd1fc/
Helianthus petiolaris subsp. fallax,Disk diameter,H. petiolaris fallax Disk diameter,https://easygwas.ethz.ch/gwas/results/manhattan/view/1c18c3db-13dd-41de-abe6-06d2b2710b67/
Helianthus petiolaris subsp. fallax,Leaf total C,H. petiolaris fallax Leaf total C,https://easygwas.ethz.ch/gwas/results/manhattan/view/e9fc23a2-d228-4a8c-ac9d-829a6c818f65/
Helianthus petiolaris subsp. fallax,Flower FHDD ratio,H. petiolaris fallax Flower FHDD ratio,https://easygwas.ethz.ch/gwas/results/manhattan/view/13b8447a-6d19-44e2-a944-47062221d0af/
Helianthus petiolaris subsp. fallax,Leaf area,H. petiolaris fallax Leaf area,https://easygwas.ethz.ch/gwas/results/manhattan/view/d6f57f00-ca03-4f7b-af50-59d1635dff1e/
Helianthus petiolaris subsp. fallax,Ligules number,H. petiolaris fallax Ligules number,https://easygwas.ethz.ch/gwas/results/manhattan/view/a0ba725f-443b-4586-ac0c-87ff34cf31e8/
Helianthus petiolaris subsp. fallax,Leaf curved height,H. petiolaris fallax Leaf curved height,https://easygwas.ethz.ch/gwas/results/manhattan/view/908ad8e0-6b9b-45ba-ad89-81699bfb8045/
Helianthus petiolaris subsp. fallax,Leaf maximum width,H. petiolaris fallax Leaf maximum width,https://easygwas.ethz.ch/gwas/results/manhattan/view/22eb663d-72b0-470d-ba11-073af67736df/
Helianthus petiolaris subsp. fallax,Leaf maximum height,H. petiolaris fallax Leaf maximum height,https://easygwas.ethz.ch/gwas/results/manhattan/view/920fd62b-ab17-4ee5-9bbb-fdc781c92802/
Helianthus petiolaris subsp. fallax,Leaf width mid-height,H. petiolaris fallax Leaf width mid-height,https://easygwas.ethz.ch/gwas/results/manhattan/view/1f96ba5f-27e8-4db6-aead-45d8d4cf85f3/
Helianthus petiolaris subsp. fallax,Leaf height mid-width,H. petiolaris fallax Leaf height mid-width,https://easygwas.ethz.ch/gwas/results/manhattan/view/e62344f4-8e92-4de0-862f-b33e66fbe069/
Helianthus petiolaris subsp. fallax,Ligule LW ratio,H. petiolaris fallax Ligule LW ratio,https://easygwas.ethz.ch/gwas/results/manhattan/view/b46aa1f7-51e9-4587-8913-a44450cb1e8a/
Helianthus petiolaris subsp. fallax,Leaf perimeter,H. petiolaris fallax Leaf perimeter,https://easygwas.ethz.ch/gwas/results/manhattan/view/996d7b77-2b17-4831-a5c6-6de882e25857/
Helianthus petiolaris subsp. fallax,Leaf shape index external I,H. petiolaris fallax Leaf shape index external I,https://easygwas.ethz.ch/gwas/results/manhattan/view/ceab3e5c-cb5d-4af5-a74c-d3beb57121b1/
Helianthus petiolaris subsp. fallax,Leaf shape index external II,H. petiolaris fallax Leaf shape index external II,https://easygwas.ethz.ch/gwas/results/manhattan/view/638e8e31-e528-4944-852d-c136b2fe5444/
Helianthus petiolaris subsp. fallax,Leaf ellipsoid,H. petiolaris fallax Leaf ellipsoid,https://easygwas.ethz.ch/gwas/results/manhattan/view/bbf24b59-2c09-479e-9171-cb53f6ae9ff2/
Helianthus petiolaris subsp. fallax,Leaf Eccentricity,H. petiolaris fallax Leaf eccentricity,https://easygwas.ethz.ch/gwas/results/manhattan/view/11e32b4f-664d-4bd1-99b6-5fc87143a9b2/
Helianthus petiolaris subsp. fallax,Leaf curved shape index,H. petiolaris fallax Leaf curved shape index,https://easygwas.ethz.ch/gwas/results/manhattan/view/748ff2a6-fe52-48d6-9b5f-c3c64ecde7fb/
Helianthus petiolaris subsp. fallax,Leaf width widest pos,H. petiolaris fallax Leaf width widest pos,https://easygwas.ethz.ch/gwas/results/manhattan/view/1f55e539-c576-4aa5-a892-52e609f2715a/
Helianthus petiolaris subsp. fallax,Leaf obovoid,H. petiolaris fallax Leaf obovoid,https://easygwas.ethz.ch/gwas/results/manhattan/view/089367a4-7149-436c-b504-85904a24bb1b/
Helianthus petiolaris subsp. fallax,Leaf circular,H. petiolaris fallax Leaf circular,https://easygwas.ethz.ch/gwas/results/manhattan/view/e1e07ee8-6ea5-4f63-a3fa-4acbc4a5295c/
Helianthus petiolaris subsp. fallax,Leaf rectangular,H. petiolaris fallax Leaf rectangular,https://easygwas.ethz.ch/gwas/results/manhattan/view/f995455f-52cd-4b07-aeb7-d4b5e8d5ab1c/
Helianthus petiolaris subsp. fallax,Leaf curvedHeight maxWidth,H. petiolaris fallax Leaf curvedHeight maxWidth,https://easygwas.ethz.ch/gwas/results/manhattan/view/0eef15d3-74dc-45c7-96a1-a7d0dc5ae3f7/
Helianthus petiolaris subsp. fallax,Total RGB,H. petiolaris fallax Total RGB,https://easygwas.ethz.ch/gwas/results/manhattan/view/df5e675c-e73d-4f80-aac2-10ff8a1084f8/
Helianthus petiolaris subsp. fallax,Leaf proximal eccentricity,H. petiolaris fallax Leaf proximal eccentricity,https://easygwas.ethz.ch/gwas/results/manhattan/view/3cba63b8-c7ed-482e-9bdb-b1e9568571bd/
Helianthus petiolaris subsp. fallax,Seed perimeter,H. petiolaris fallax Seed perimeter,https://easygwas.ethz.ch/gwas/results/manhattan/view/eca65dd9-1db9-4e5a-835b-0f00e3259bde/
Helianthus petiolaris subsp. fallax,Seed area,H. petiolaris fallax Seed area,https://easygwas.ethz.ch/gwas/results/manhattan/view/fcca86ef-eb4d-4b05-837e-44a0f7659f0d/
Helianthus petiolaris subsp. fallax,RGB proportion green,H. petiolaris fallax RGB proportion green,https://easygwas.ethz.ch/gwas/results/manhattan/view/4267f8a2-1eae-468c-aba5-042734bf2612/
Helianthus petiolaris subsp. fallax,RGB proportion blue,H. petiolaris fallax RGB proportion blue,https://easygwas.ethz.ch/gwas/results/manhattan/view/283768bd-16bd-4176-83c3-bb77eb346ebe/
Helianthus petiolaris subsp. fallax,Leaf shape index internal,H. petiolaris fallax Leaf shape index internal,https://easygwas.ethz.ch/gwas/results/manhattan/view/9eff7d76-8a76-4cf7-b3af-f1dc91c9b9bc/
Helianthus petiolaris subsp. fallax,Leaf eccentricity area index,H. petiolaris fallax Leaf eccentricity area index,https://easygwas.ethz.ch/gwas/results/manhattan/view/b22df461-1785-4539-8706-ae225254e35f/
Helianthus petiolaris subsp. fallax,RGB proportion red,H. petiolaris fallax RGB proportion red,https://easygwas.ethz.ch/gwas/results/manhattan/view/9a530e93-b754-4dba-854c-1bac2a4e2298/
Helianthus petiolaris subsp. fallax,Leaf distal eccentricity,H. petiolaris fallax Leaf distal eccentricity,https://easygwas.ethz.ch/gwas/results/manhattan/view/379950f7-66cc-4f8b-b943-99cf9a50dd78/
Helianthus petiolaris subsp. fallax,Seed curved height,H. petiolaris fallax Seed curved height,https://easygwas.ethz.ch/gwas/results/manhattan/view/10085197-95eb-4ba1-a1b7-f37dbe057ca5/
Helianthus petiolaris subsp. fallax,Seed HW ratio,H. petiolaris fallax Seed HW ratio,https://easygwas.ethz.ch/gwas/results/manhattan/view/69a1298d-f3dd-4bb2-9523-a99fa65a8322/
Helianthus petiolaris subsp. fallax,Seed maximum height,H. petiolaris fallax Seed maximum height,https://easygwas.ethz.ch/gwas/results/manhattan/view/6982ccc8-2d50-4f8c-8d72-77f4b63f6583/
Helianthus petiolaris subsp. fallax,Seed curved shape index,H. petiolaris fallax Seed curved shape index,https://easygwas.ethz.ch/gwas/results/manhattan/view/f3372553-f239-4846-94d7-1897da166904/
Helianthus petiolaris subsp. fallax,Seed shape index external II,H. petiolaris fallax Seed shape index external II,https://easygwas.ethz.ch/gwas/results/manhattan/view/0e0eceb2-47ea-4a03-bc99-bf246ae1e142/
Helianthus petiolaris subsp. fallax,Seed maximum width,H. petiolaris fallax Seed maximum width,https://easygwas.ethz.ch/gwas/results/manhattan/view/af842ef6-d94f-40d2-9204-8f7d7fab9875/
Helianthus petiolaris subsp. fallax,Seed ellipsoid,H. petiolaris fallax Seed ellipsoid,https://easygwas.ethz.ch/gwas/results/manhattan/view/fd5aa866-807d-4626-a6bb-a6d75d550a8b/
Helianthus petiolaris subsp. fallax,Seed circular,H. petiolaris fallax Seed circular,https://easygwas.ethz.ch/gwas/results/manhattan/view/97d3667a-1661-45dd-bf2d-3a751d39261c/
Helianthus petiolaris subsp. fallax,Seed width mid height,H. petiolaris fallax Seed width mid height,https://easygwas.ethz.ch/gwas/results/manhattan/view/5f241c88-ee74-4440-9b6b-eccb392213ba/
Helianthus petiolaris subsp. fallax,Seed ovoid,H. petiolaris fallax Seed ovoid,https://easygwas.ethz.ch/gwas/results/manhattan/view/42a44496-f8fa-4616-adce-32e4197faad6/
Helianthus petiolaris subsp. fallax,Seed eccentricity,H. petiolaris fallax Seed eccentricity,https://easygwas.ethz.ch/gwas/results/manhattan/view/02d4fbb0-d1c9-4f85-a0a7-d4c2409e2670/
Helianthus petiolaris subsp. fallax,Seed width widest pos,H. petiolaris fallax Seed width widest pos,https://easygwas.ethz.ch/gwas/results/manhattan/view/7f983527-b76d-4282-b6e2-477281bb91fa/
Helianthus petiolaris subsp. fallax,Seed proximal eccentricity,H. petiolaris fallax Seed proximal eccentricity,https://easygwas.ethz.ch/gwas/results/manhattan/view/4cfe0d5f-d4e5-4489-92fe-ff1c90f21532/
Helianthus petiolaris subsp. fallax,Seed rectangular,H. petiolaris fallax Seed rectangular,https://easygwas.ethz.ch/gwas/results/manhattan/view/20afd25e-e76f-4bfd-8002-1dc7637e40a8/
Helianthus petiolaris subsp. fallax,Seed eccentricity area index,H. petiolaris fallax Seed eccentricity area index,https://easygwas.ethz.ch/gwas/results/manhattan/view/aad1f43c-ddea-4523-ae39-983aef1711fd/
Helianthus petiolaris subsp. fallax,Seed shape index internal,H. petiolaris fallax Seed shape index internal,https://easygwas.ethz.ch/gwas/results/manhattan/view/89102577-8a48-4d4e-a7c1-8cc386ba3843/
Helianthus petiolaris subsp. fallax,Seed distal eccentricity,H. petiolaris fallax Seed distal eccentricity,https://easygwas.ethz.ch/gwas/results/manhattan/view/570b176d-0a67-4d17-b614-4712dfa46575/
Helianthus petiolaris subsp. petiolaris,Leaf shape index external I,H. petiolaris petiolaris Leaf shape index external I,https://easygwas.ethz.ch/gwas/results/manhattan/view/933bb6db-a650-4447-b4eb-a486f84b7050/
Helianthus petiolaris subsp. petiolaris,Leaf shape index external II,H. petiolaris petiolaris Leaf shape index external II,https://easygwas.ethz.ch/gwas/results/manhattan/view/3acd873e-e900-4ee3-a306-6c5209545ada/
Helianthus petiolaris subsp. petiolaris,Leaf width widest pos,H. petiolaris petiolaris Leaf width widest pos,https://easygwas.ethz.ch/gwas/results/manhattan/view/9af62def-4a30-42d7-a342-1358015018fd/
Helianthus petiolaris subsp. petiolaris,Leaf obovoid,H. petiolaris petiolaris Leaf obovoid,https://easygwas.ethz.ch/gwas/results/manhattan/view/74ec28ff-8582-4555-9e0a-6b91b026a642/
Helianthus petiolaris subsp. petiolaris,Leaf circular,H. petiolaris petiolaris Leaf circular,https://easygwas.ethz.ch/gwas/results/manhattan/view/34f61aed-0f22-412e-b396-95a3ef251616/
Helianthus petiolaris subsp. petiolaris,Leaf curved shape index,H. petiolaris petiolaris Leaf curved shape index,https://easygwas.ethz.ch/gwas/results/manhattan/view/40701785-d226-4553-9623-72810dedb504/
Helianthus petiolaris subsp. petiolaris,Leaf proximal eccentricity,H. petiolaris petiolaris Leaf proximal eccentricity,https://easygwas.ethz.ch/gwas/results/manhattan/view/68acb48e-9ba4-4079-a367-fb69fc4375c1/
Helianthus petiolaris subsp. petiolaris,Leaf Eccentricity,H. petiolaris petiolaris Leaf eccentricity,https://easygwas.ethz.ch/gwas/results/manhattan/view/282c8026-6ff2-4af1-adcb-f80e9898dc17/
Helianthus petiolaris subsp. petiolaris,Leaf rectangular,H. petiolaris petiolaris Leaf rectangular,https://easygwas.ethz.ch/gwas/results/manhattan/view/c62b66a6-65ba-410d-91c0-0a758ad398f7/
Helianthus petiolaris subsp. petiolaris,Seed width mid height,H. petiolaris petiolaris Seed width mid height,https://easygwas.ethz.ch/gwas/results/manhattan/view/65493209-1bf4-4d48-9227-97816e9bcc36/
Helianthus petiolaris subsp. petiolaris,RGB proportion blue,H. petiolaris petiolaris RGB proportion blue,https://easygwas.ethz.ch/gwas/results/manhattan/view/32724db1-95ae-4226-9060-17f4e6699d7e/
Helianthus petiolaris subsp. petiolaris,RGB proportion red,H. petiolaris petiolaris RGB proportion red,https://easygwas.ethz.ch/gwas/results/manhattan/view/10ffe093-8c60-482f-b3c6-1cf6d395ff38/
Helianthus petiolaris subsp. petiolaris,Seed area,H. petiolaris petiolaris Seed area,https://easygwas.ethz.ch/gwas/results/manhattan/view/4583d231-8d5a-44ea-ae87-3e185dd266cb/
Helianthus petiolaris subsp. petiolaris,Seed perimeter,H. petiolaris petiolaris Seed perimeter,https://easygwas.ethz.ch/gwas/results/manhattan/view/c8b1999a-74a5-4f5f-8979-9f487105ca3a/
Helianthus petiolaris subsp. petiolaris,Leaf shape index internal,H. petiolaris petiolaris Leaf shape index internal,https://easygwas.ethz.ch/gwas/results/manhattan/view/4c5debf4-7e23-4ee4-858d-f834bcf359bd/
Helianthus petiolaris subsp. petiolaris,Total RGB,H. petiolaris petiolaris Total RGB,https://easygwas.ethz.ch/gwas/results/manhattan/view/f63b2da3-c885-4d87-89ad-e0bd8dc350c5/
Helianthus petiolaris subsp. petiolaris,RGB proportion green,H. petiolaris petiolaris RGB proportion green,https://easygwas.ethz.ch/gwas/results/manhattan/view/ba2258d7-8c5d-41dc-a893-303c34086af2/
Helianthus petiolaris subsp. petiolaris,Leaf distal eccentricity,H. petiolaris petiolaris Leaf distal eccentricity,https://easygwas.ethz.ch/gwas/results/manhattan/view/d20e82b2-bef7-4d65-b102-c1f9a2b98fdd/
Helianthus petiolaris subsp. petiolaris,Leaf eccentricity area index,H. petiolaris petiolaris Leaf eccentricity area index,https://easygwas.ethz.ch/gwas/results/manhattan/view/9fbdafb7-4ca6-4cee-bfb8-ac578fe2dd2d/
Helianthus petiolaris subsp. petiolaris,Seed ellipsoid,H. petiolaris petiolaris Seed ellipsoid,https://easygwas.ethz.ch/gwas/results/manhattan/view/d0a6aa87-e331-4883-91ad-34d634bd2c8f/
Helianthus petiolaris subsp. petiolaris,Seed maximum height,H. petiolaris petiolaris Seed maximum height,https://easygwas.ethz.ch/gwas/results/manhattan/view/5e68612b-131b-4d8c-993a-7dedb74d6abd/
Helianthus petiolaris subsp. petiolaris,Seed shape index external I,H. petiolaris petiolaris Seed shape index external I,https://easygwas.ethz.ch/gwas/results/manhattan/view/80591c82-d5cf-487b-a18d-e015a9af4851/
Helianthus petiolaris subsp. petiolaris,Seed circular,H. petiolaris petiolaris Seed circular,https://easygwas.ethz.ch/gwas/results/manhattan/view/3b23ec6f-5d02-4b5a-828a-cd9c51eeb6f3/
Helianthus petiolaris subsp. petiolaris,Seed shape index external II,H. petiolaris petiolaris Seed shape index external II,https://easygwas.ethz.ch/gwas/results/manhattan/view/49a44f88-375e-4c49-ad11-96a5d1ad27f7/
Helianthus petiolaris subsp. petiolaris,Seed height mid width,H. petiolaris petiolaris Seed height mid width,https://easygwas.ethz.ch/gwas/results/manhattan/view/8cf05f11-6185-4f50-a8f5-c0e352607218/
Helianthus petiolaris subsp. petiolaris,Seed curved height,H. petiolaris petiolaris Seed curved height,https://easygwas.ethz.ch/gwas/results/manhattan/view/591af2c3-8c63-41db-b03f-d55d1dd8f774/
Helianthus petiolaris subsp. petiolaris,Seed HW ratio,H. petiolaris petiolaris Seed HW ratio,https://easygwas.ethz.ch/gwas/results/manhattan/view/3043484d-dd8f-4a53-a471-4c5d77cfc6de/
Helianthus petiolaris subsp. petiolaris,Seed maximum width,H. petiolaris petiolaris Seed maximum width,https://easygwas.ethz.ch/gwas/results/manhattan/view/190c246e-e459-4b20-b125-c04cbabbb531/
Helianthus petiolaris subsp. petiolaris,Seed width widest pos,H. petiolaris petiolaris Seed width widest pos,https://easygwas.ethz.ch/gwas/results/manhattan/view/73652eb2-6572-4b32-abfd-0951cce5f665/
Helianthus petiolaris subsp. petiolaris,Seed distal eccentricity,H. petiolaris petiolaris Seed distal eccentricity,https://easygwas.ethz.ch/gwas/results/manhattan/view/1a13907a-4ddb-4e41-bac2-b3ee9239d4c8/
Helianthus petiolaris subsp. petiolaris,Seed proximal eccentricity,H. petiolaris petiolaris Seed proximal eccentricity,https://easygwas.ethz.ch/gwas/results/manhattan/view/fc94b790-6db9-4156-a893-c3894e023bdc/
Helianthus petiolaris subsp. petiolaris,Seed eccentricity area index,H. petiolaris petiolaris Seed eccentricity area index,https://easygwas.ethz.ch/gwas/results/manhattan/view/69bd9d2b-a4f7-44d0-b7b7-f9d7f979aa43/
Helianthus petiolaris subsp. petiolaris,Seed shape index internal,H. petiolaris petiolaris Seed shape index internal,https://easygwas.ethz.ch/gwas/results/manhattan/view/65552f77-1ad5-47d5-8067-35307621b30f/
Helianthus petiolaris subsp. petiolaris,Seed rectangular,H. petiolaris petiolaris Seed rectangular,https://easygwas.ethz.ch/gwas/results/manhattan/view/32780c5c-2788-4ee3-b4f8-03438a872a27/
Helianthus petiolaris subsp. petiolaris,Seed ovoid,H. petiolaris petiolaris Seed ovoid,https://easygwas.ethz.ch/gwas/results/manhattan/view/f01bcad5-3bf5-485b-ba7a-4fbb36369420/
Helianthus petiolaris subsp. petiolaris,Seed eccentricity,H. petiolaris petiolaris Seed eccentricity,https://easygwas.ethz.ch/gwas/results/manhattan/view/a2abd40d-0207-4268-b153-b74955d5794d/
Helianthus petiolaris subsp. petiolaris,Seed curved shape index,H. petiolaris petiolaris Seed curved shape index,https://easygwas.ethz.ch/gwas/results/manhattan/view/b613236a-546c-4fc6-b8b8-f0e7eb20803a/
Helianthus petiolaris subsp. petiolaris,Leaf C N ratio,H. petiolaris petiolaris Leaf C N ratio,https://easygwas.ethz.ch/gwas/results/manhattan/view/a2bd1cd8-cfd3-4c1a-93ff-ffed35292367/
Helianthus petiolaris subsp. petiolaris,Stem diamater at flowering,H. petiolaris petiolaris Stem diamater at flowering,https://easygwas.ethz.ch/gwas/results/manhattan/view/337d259d-6af9-4b9b-890e-ed464a8e6db4/
Helianthus petiolaris subsp. petiolaris,Days to budding,H. petiolaris petiolaris Days to budding,https://easygwas.ethz.ch/gwas/results/manhattan/view/9b042ed4-aef0-43e4-b44b-caa5e0cdf7c3/
Helianthus petiolaris subsp. petiolaris,TLN,H. petiolaris petiolaris TLN,https://easygwas.ethz.ch/gwas/results/manhattan/view/155fb005-ac14-488f-aefe-ba8c669a043e/
Helianthus petiolaris subsp. petiolaris,LIR,H. petiolaris petiolaris LIR,https://easygwas.ethz.ch/gwas/results/manhattan/view/44d28da3-6979-45eb-96b3-7ae8e124e40d/
Helianthus petiolaris subsp. petiolaris,DTF,H. petiolaris petiolaris DTF,https://easygwas.ethz.ch/gwas/results/manhattan/view/3932ab53-e272-49bf-9102-918c5e9cd68d/
Helianthus petiolaris subsp. petiolaris,Stem diameter final after 5th node,H. petiolaris petiolaris Stem diameter final after 5th node,https://easygwas.ethz.ch/gwas/results/manhattan/view/1c344322-bc1d-41c7-8309-007cfe62f090/
Helianthus petiolaris subsp. petiolaris,Plant height at flowering,H. petiolaris petiolaris Plant height at flowering,https://easygwas.ethz.ch/gwas/results/manhattan/view/9a1672d9-8508-4b65-a025-00670a5786a8/
Helianthus petiolaris subsp. petiolaris,Stem diameter final before 1st node,H. petiolaris petiolaris Stem diameter final before 1st node,https://easygwas.ethz.ch/gwas/results/manhattan/view/8180c4c5-ac85-49e9-9a41-2afcbdfef943/
Helianthus petiolaris subsp. petiolaris,Peduncle length of first flower,H. petiolaris petiolaris Peduncle lenght of first flower,https://easygwas.ethz.ch/gwas/results/manhattan/view/2cc54644-452c-47fa-9a3b-6c7b442bdd78/
Helianthus petiolaris subsp. petiolaris,Internode length,H. petiolaris petiolaris Internode length,https://easygwas.ethz.ch/gwas/results/manhattan/view/bc4f9fdd-d7e3-4256-b008-b769a74c4cad/
Helianthus petiolaris subsp. petiolaris,Leaf total C,H. petiolaris petiolaris Leaf total C,https://easygwas.ethz.ch/gwas/results/manhattan/view/79ee7997-63ab-4bfb-8f50-71a069d6e31c/
Helianthus petiolaris subsp. petiolaris,Ligule LW ratio,H. petiolaris petiolaris Ligule LW ratio,https://easygwas.ethz.ch/gwas/results/manhattan/view/d0cf034f-a424-4a2d-a89b-69d976c57dd5/
Helianthus petiolaris subsp. petiolaris,Leaf total N,H. petiolaris petiolaris Leaf total N,https://easygwas.ethz.ch/gwas/results/manhattan/view/2be7a716-dedd-4991-8e39-370f1b70e6b0/
Helianthus petiolaris subsp. petiolaris,Primary branches,H. petiolaris petiolaris Primary branches,https://easygwas.ethz.ch/gwas/results/manhattan/view/dd19dc22-59a0-4092-be76-33b1cad26e81/
Helianthus petiolaris subsp. petiolaris,Ligule length,H. petiolaris petiolaris Ligule length,https://easygwas.ethz.ch/gwas/results/manhattan/view/ae39b262-d22b-4625-ae5b-bc6dad522505/
Helianthus petiolaris subsp. petiolaris,SLA,H. petiolaris petiolaris SLA,https://easygwas.ethz.ch/gwas/results/manhattan/view/97d31978-2be1-4231-afcc-cdad52f1fdd5/
Helianthus petiolaris subsp. petiolaris,Disk diameter,H. petiolaris petiolaris Disk diameter,https://easygwas.ethz.ch/gwas/results/manhattan/view/b922dfe0-1d63-445c-aaa8-c62dfe7a1b3e/
Helianthus petiolaris subsp. petiolaris,Distance of first branching from ground,H. petiolaris petiolaris Distance of first branching from ground,https://easygwas.ethz.ch/gwas/results/manhattan/view/3eaebeb8-fb61-4285-9053-fa2597d8f256/
Helianthus petiolaris subsp. petiolaris,Ligule width,H. petiolaris petiolaris Ligule width,https://easygwas.ethz.ch/gwas/results/manhattan/view/d229fdb4-550d-43d6-a9e6-50aa0ff9d79b/
Helianthus petiolaris subsp. petiolaris,Flower head diameter,H. petiolaris petiolaris Flower head diameter,https://easygwas.ethz.ch/gwas/results/manhattan/view/d85526fe-0b55-41b4-afbc-25c93af73ad7/
Helianthus petiolaris subsp. petiolaris,Leaf width mid-height,H. petiolaris petiolaris Leaf width mid-height,https://easygwas.ethz.ch/gwas/results/manhattan/view/1c1c766d-1043-408c-9c97-25bbb47681b1/
Helianthus petiolaris subsp. petiolaris,Ligules number,H. petiolaris petiolaris Ligules number,https://easygwas.ethz.ch/gwas/results/manhattan/view/adc527df-3e66-48c3-994c-241ea90088ee/
Helianthus petiolaris subsp. petiolaris,Leaf maximum height,H. petiolaris petiolaris Leaf maximum height,https://easygwas.ethz.ch/gwas/results/manhattan/view/3b9f7796-888e-44d7-8045-f612fe4ee22f/
Helianthus petiolaris subsp. petiolaris,Leaf maximum width,H. petiolaris petiolaris Leaf maximum width,https://easygwas.ethz.ch/gwas/results/manhattan/view/8a87f5ca-0bd4-4961-93a5-c01032c4ba05/
Helianthus petiolaris subsp. petiolaris,Leaf height mid-width,H. petiolaris petiolaris Leaf height mid-width,https://easygwas.ethz.ch/gwas/results/manhattan/view/238e23b7-3fdc-453a-bbca-0e38188ac9bd/
Helianthus petiolaris subsp. petiolaris,Leaf curvedHeight maxWidth,H. petiolaris petiolaris Leaf curvedHeight maxWidth,https://easygwas.ethz.ch/gwas/results/manhattan/view/986e2bcc-c429-4129-9a85-345692294a65/
Helianthus petiolaris subsp. petiolaris,Leaf curved height,H. petiolaris petiolaris Leaf curved height,https://easygwas.ethz.ch/gwas/results/manhattan/view/8d5e5d9c-a736-4033-9ccf-9c9b3cdae6b2/
Helianthus petiolaris subsp. petiolaris,Leaf perimeter,H. petiolaris petiolaris Leaf perimeter,https://easygwas.ethz.ch/gwas/results/manhattan/view/55c732ab-3ab2-40a3-bc5d-a536716e2fdd/
Helianthus petiolaris subsp. petiolaris,Flower FHDD ratio,H. petiolaris petiolaris Flower FHDD ratio,https://easygwas.ethz.ch/gwas/results/manhattan/view/f5e33fb9-d895-4601-a333-6f1d37ab81df/
Helianthus petiolaris subsp. petiolaris,Leaf area,H. petiolaris petiolaris Leaf area,https://easygwas.ethz.ch/gwas/results/manhattan/view/c4bf2da5-f9e9-452e-a2ab-e45d36e0c6dc/
Helianthus petiolaris subsp. petiolaris,Leaf ellipsoid,H. petiolaris petiolaris Leaf ellipsoid,https://easygwas.ethz.ch/gwas/results/manhattan/view/6dde8927-c132-4b5a-a4fa-9cb0178d9d32/